{ "height":10,
 "infinite":false,
 "layers":[
        {
         "data":[0, 0, 0, 0, 0, 0, 0, 0, 0, 0, 0, 130, 130, 130, 130, 130, 130, 130, 130, 0, 0, 130, 130, 130, 130, 130, 130, 130, 130, 0, 0, 130, 130, 130, 130, 130, 130, 130, 130, 0, 0, 130, 130, 130, 130, 130, 130, 130, 130, 0, 0, 130, 130, 130, 130, 130, 130, 130, 130, 0, 0, 130, 130, 130, 130, 130, 130, 130, 130, 0, 0, 130, 130, 130, 130, 130, 130, 130, 130, 0, 0, 130, 130, 130, 130, 130, 130, 130, 130, 0, 0, 0, 0, 0, 0, 0, 0, 0, 0, 0],
         "height":10,
         "id":7,
         "name":"Floor",
         "opacity":1,
         "type":"tilelayer",
         "visible":true,
         "width":10,
         "x":0,
         "y":0
        }, 
        {
         "data":[34, 34, 34, 34, 34, 34, 34, 34, 34, 34, 34, 0, 0, 0, 0, 0, 0, 0, 0, 34, 34, 0, 0, 0, 0, 0, 0, 0, 0, 34, 34, 0, 0, 0, 0, 0, 0, 0, 0, 34, 34, 0, 0, 0, 0, 0, 0, 0, 0, 34, 34, 0, 0, 0, 0, 0, 0, 0, 0, 34, 34, 0, 0, 0, 0, 0, 0, 0, 0, 34, 34, 0, 0, 0, 0, 0, 0, 0, 0, 34, 34, 0, 0, 0, 0, 0, 0, 0, 0, 34, 34, 34, 34, 34, 34, 34, 34, 34, 34, 34],
         "height":10,
         "id":8,
         "name":"Walls",
         "opacity":1,
         "type":"tilelayer",
         "visible":true,
         "width":10,
         "x":0,
         "y":0
        }],
 "nextlayerid":9,
 "nextobjectid":1,
 "orientation":"orthogonal",
 "renderorder":"right-down",
 "tiledversion":"1.2.4",
 "tileheight":16,
 "tilesets":[
        {
         "columns":32,
         "firstgid":1,
         "image":"..\/tilesets\/dungeonTileset.png",
         "imageheight":512,
         "imagewidth":512,
         "margin":0,
         "name":"dungeonTileset",
         "spacing":0,
         "tilecount":1024,
         "tileheight":16,
         "tilewidth":16
        }],
 "tilewidth":16,
 "type":"map",
 "version":1.2,
 "width":10
}